id,text,screen_name,created_at,retweet_count,favorite_count,friends_count,followers_count,lang,country
1247373725743210496,Honestly i would love to celebrate the people who recovered from covid 19. Literally a milestone.,fleon_13,Tue Apr 07 04:00:45 +0000 2020,0,0,296,344,en,United States
1247373747012567041,@TimesNow Harassing a person in the name of Coronavirus is wrong irrespective of their religion.,DBardaloi,Tue Apr 07 04:00:51 +0000 2020,0,0,3917,3450,en,India
1247373762892357632,"Coronavirus: Africa will not be testing ground for vaccine, says WHO",Aurora_313Poet,Tue Apr 07 04:00:54 +0000 2020,0,0,995,657,en,United States
1247373829980160001,Nice to know there‚Äôs some upside &gt; Coronavirus lockdowns have changed the way Earth moves,AJBOSE,Tue Apr 07 04:01:10 +0000 2020,0,0,1158,544,en,United States
1247373977598730240,This woman is killing others! #COVID19,AllisonScussel,Tue Apr 07 04:01:46 +0000 2020,0,0,227,111,en,United States
1247374001237897217,Heal the world in a different way: #covid19 plz go away,sky_as_sama,Tue Apr 07 04:01:51 +0000 2020,0,0,1581,812,en,United States
1247374072297607170,"Device distribution = distance learning for our students. Take that, Covid-19... Can‚Äôt keep the pumas down üêæ üíôüíö ‚úåüèª",Lil_Ames1,Tue Apr 07 04:02:08 +0000 2020,0,0,659,649,en,United States
1247374148357074944,"Yo no me voy a morir de coronavirus, me voy a morir de cirrosis si sigo encerrada sin trabajar.",melissajimenezm,Tue Apr 07 04:02:26 +0000 2020,0,0,321,119,es,M√©xico
1247374149040955392,I miss #Hockey #NHL #FlaPanthers Can this #coronavirus be over with? @ BB&amp;T Center,BlueChip48,Tue Apr 07 04:02:26 +0000 2020,0,0,1455,1386,en,United States
1247374227268747265,Thanks to Medical Army of INDIA üáÆüá≥ #WorldHealthDay2020 #StaySafe #COVID19 @MYFMIndia,RJ_REXX,Tue Apr 07 04:02:45 +0000 2020,0,0,140,3592,en,India
1247374241571303424,"Stepping out of our homes, day 1 of post-quarantine. #COVID19 #QuarantineLife",oh_hash,Tue Apr 07 04:02:48 +0000 2020,0,0,1178,259,en,United States
1247374261515431936,Why COVID-19 is not the ‚Äògreat equalizer‚Äô when it comes to race in the US,BrianOSheaSPI,Tue Apr 07 04:02:53 +0000 2020,0,0,440,662,en,United States
1247374345648967680,Shout out all the rappers that said they got 2020 vision didn‚Äôt see this coming did ya #coronavirus,JackCrowleyyy,Tue Apr 07 04:03:13 +0000 2020,0,0,407,358,en,United Kingdom
1247374374115717121,CONVOCA IMSS A PROFESIONALES DE LA SALUD PARA ATENDER COVID-19.,chechenoticias,Tue Apr 07 04:03:20 +0000 2020,0,0,178,331,es,M√©xico
1247374387235471363,Watch the full YouTube interview of the younger generations take on Covid19,rehmancee,Tue Apr 07 04:03:23 +0000 2020,0,0,24,13,en,United States
1247374409700200450,Can we put coronavirus in the transfer portal?,DawgatAuburn,Tue Apr 07 04:03:29 +0000 2020,0,0,352,721,en,United States
1247374434652086273,The moon of COVID-19. April 6th 2020 #astrophotography #moon @ Colonia Del Valle,RoyMT,Tue Apr 07 04:03:34 +0000 2020,0,0,352,270,en,Mexico
1247374449915113472,"@BethMooreLPM Pray, mask, feed, repeat! #COVID19 #TEACHers #Students #faith #Arkansas",gigi__davis,Tue Apr 07 04:03:38 +0000 2020,0,0,438,439,en,United States
1247374464213368832,Coronavirus chills Seattle's red-hot real estate market,lori_vassallo,Tue Apr 07 04:03:42 +0000 2020,0,0,4617,5414,en,United States
1247374518349443072,grad school interview on wednesday bc coronavirus can‚Äôt stop me from powering up,ChadDuBois,Tue Apr 07 04:03:54 +0000 2020,0,0,915,3634,en,United States
1247374548397436931,@NationBreaking The Apocalypse üò¢ü•µüò±üÜò #Covid_19 #COVID19 #CoronaVirusUSA,BeingCharlie,Tue Apr 07 04:04:02 +0000 2020,0,0,64,3824,en,Kenya
1247374636024815617,Dios nos libre de tener a un amigo o familiar con Coronavirus. üò¢ O sea la vaina ya est√° aqu√≠ #T√°chira o sea qu√© susto. O sea fuck.,BilsanRestrepo,Tue Apr 07 04:04:22 +0000 2020,0,0,711,1068,es,Venezuela
1247374664122298368,UK PM Boris Johnson Moved To Intensive Care As COVID-19 Symptoms Worsen,ZaapGossip,Tue Apr 07 04:04:29 +0000 2020,0,0,783,115,en,‡∏õ‡∏£‡∏∞‡πÄ‡∏ó‡∏®‡πÑ‡∏ó‡∏¢
1247374664923377667,@Telcel @MovistarMX @ATTMx regalan minutos y mensajes por #Covid19 üëáüèª,TutePower,Tue Apr 07 04:04:29 +0000 2020,0,0,496,1298,es,M√©xico
1247374727988957189,Leave it to Chump to try and profit off the pandemic. #CoronaVirusUpdates,Lopeezie,Tue Apr 07 04:04:44 +0000 2020,0,0,5297,4976,en,United States
1247375328441520130,"Me enchila mucho ver en sus estados e historias que est√°n a toda madre con sus compas, como si les Valeria un ü•í el COVID-19",ChristinaOMz,Tue Apr 07 04:07:08 +0000 2020,0,0,225,300,es,M√©xico
1247375511606554634,"Essential worker, Instacart and stocks, yeah I‚Äôm not about to let Covid-19 stop my grind üò§",Rufino_12_,Tue Apr 07 04:07:51 +0000 2020,0,0,233,130,en,United States
1247375529524834304,"Me enchila mucho ver en sus estados e historias que est√°n a toda madre con sus compas, como si les valiera un ü•í el COVID-19",ChristinaOMz,Tue Apr 07 04:07:56 +0000 2020,0,0,225,300,es,M√©xico
1247375625242935297,"A causa del coronavirus, una pareja de reci√©n casados quedaron atrapados en las islas M A L D I V A S. üò≠üò≠üò≠",patrimarecos,Tue Apr 07 04:08:18 +0000 2020,0,0,401,600,es,Paraguay
1247375641978310657,new york state alone is top five worldwide in covid-19 cases compared to countries,uptownascension,Tue Apr 07 04:08:22 +0000 2020,0,0,288,970,en,United States
1247375788908912640,who's going to stand up and release #nyccoronavirus data broken down by race?,RustyZimms,Tue Apr 07 04:08:57 +0000 2020,0,0,578,688,en,United States
1247375952981696512,"#knowthedifference #flu #cold #allergies #coronavirus #sick #sickness #symptoms @ Bixby Knolls, Long Beach",beatricerenee,Tue Apr 07 04:09:36 +0000 2020,0,0,539,361,en,United States
1247375993175588864,A few shots of Lautoka City after the lockdown ended at 5am today. #FijiNews #COVID19,fnaikaso,Tue Apr 07 04:09:46 +0000 2020,0,0,710,2106,en,Fiji
1247376191792783360,"It was the best of times, it was the worst of times. As Charles Dickens would say if he were alive. #COVID19",ncantonioonline,Tue Apr 07 04:10:33 +0000 2020,0,0,1995,228,en,Kingdom of Saudi Arabia
1247376191977213952,Either he received a letter or has covid-19.,dianesbaker1,Tue Apr 07 04:10:33 +0000 2020,0,0,1813,3122,en,Canada
1247376204249759744,Two more Sri Lankans aged 62 &amp; 72 in the UK reportedly died from coronavirus @GoldNewsLK,raprasadh,Tue Apr 07 04:10:36 +0000 2020,0,0,583,495,en,Sri Lanka
1247376287452332033,"@peru21noticias @PoliciaPeru 2020 y que sigan pasando estas cosas... coronavirus acaba con tanta gente estupida, por favor!",fra_jba,Tue Apr 07 04:10:56 +0000 2020,0,0,1514,1981,es,Chile
1247376316657262592,@daiannyy Covid-19,1petronioo,Tue Apr 07 04:11:03 +0000 2020,0,0,1055,1073,en,Brasil
1247376320452947969,Coronavirus and the Flu Have a Lot of Symptoms in Common -¬†Here's What You Need to Know,CelebFitnessTV,Tue Apr 07 04:11:04 +0000 2020,0,0,83,806,en,United Kingdom
1247376322051145730,"Ezeiza, la puerta que el Gobierno demor√≥ en cerrar y por donde ingres√≥ el coronavirus #coronavirus v√≠a @lanacion",RubenBritezok,Tue Apr 07 04:11:04 +0000 2020,0,0,1508,851,es,Argentina
1247376423343411202,#COVID19 EN #SONORA 36 casos confirmados y cuatro fallecimientos. @ssaludsonora,ExpresionSon,Tue Apr 07 04:11:29 +0000 2020,0,0,1327,143,es,M√©xico
1247376434500227072,@ShreyaTrivediMD That‚Äôs why I define COVID-19 as: the ‚ÄúLonely and solitary disease‚Äù,gilliar_do,Tue Apr 07 04:11:31 +0000 2020,0,0,627,597,en,United States
1247376451764211718,"Juntos saldremos adelante. Banco FIE, Covid-19 v√≠a @YouTube",Ximelmat,Tue Apr 07 04:11:35 +0000 2020,0,0,168,5,es,Bolivia
1247376464279814144,"COVID-19: Trump Talks ""Retaliation"" If India Rejects Export Of Key Drug - NDTV",adonishai,Tue Apr 07 04:11:38 +0000 2020,0,0,174,21,en,India
1247376498878640128,@d00ditsmarc Hey @coldplay cure us with your music from this COVID-19 ü§ôü§ç,trinhlha_,Tue Apr 07 04:11:47 +0000 2020,0,0,79,87,en,United States
1247376515370606592,We're talking billions for millions of people. I hope no banking collapse will happen. #COVID19,akosihadee,Tue Apr 07 04:11:51 +0000 2020,0,0,273,27,en,Republic of the Philippines
1247376568638476288,@realDonaldTrump knew about coronavirus since January 29th. #TrumpLiesAmericansDie,KLE1967,Tue Apr 07 04:12:03 +0000 2020,0,0,5001,1596,en,United States
1247376573784895499,I hope I can lucid dream my way outta quarantine #COVID19,Peteypooze,Tue Apr 07 04:12:04 +0000 2020,0,0,567,372,en,United States
1247376598174588929,@Target please stop or limit your curb side pickup. @FoxNews #COVID19,rqBond3,Tue Apr 07 04:12:10 +0000 2020,0,0,425,30,en,United States
1247376602939473920,Chris Cuomo shares chest X-rays after coronavirus diagnosis via @YouTube,CaffreyEj,Tue Apr 07 04:12:11 +0000 2020,0,0,11346,11158,en,United States
1247376611558617088,How does China have no more cases and deaths of COVID-19? ü§î,JAlvaradoNews,Tue Apr 07 04:12:13 +0000 2020,0,0,393,30,en,United States
1247376628063195138,Notetaker WarRoom COVID-19,TerasinR,Tue Apr 07 04:12:17 +0000 2020,0,0,3182,2052,en,‡∏õ‡∏£‡∏∞‡πÄ‡∏ó‡∏®‡πÑ‡∏ó‡∏¢
1247376754718715904,@realDonaldTrump good morning now india is better to fight Covid 19,RJeerawla,Tue Apr 07 04:12:48 +0000 2020,0,0,2739,165,en,‡§≠‡§æ‡§∞‡§§
1247376802013564934,Lock down possible or coronavirus Positive.... Poor Lodge management in karnji Lodge 1...@MOM_sg,ksarath456,Tue Apr 07 04:12:59 +0000 2020,0,0,119,15,en,Singapore
1247376855860207618,@eentertainment In which house do I have the best chance of contracting COVID19 and being rushed out via ambulance? I choose that one.,BDub1966,Tue Apr 07 04:13:12 +0000 2020,0,0,911,196,en,United States
1247376885325103104,Please respect front line workers #COVID19 #coronavirus,Sanso13527,Tue Apr 07 04:13:19 +0000 2020,0,0,48,96,en,United Kingdom
1247376975490146305,@SindhHealthDpt @barhasnainmirza didnt your area have a death related to COVID19 ???,SumetaSyed,Tue Apr 07 04:13:40 +0000 2020,0,0,538,23823,en,Pakistan
1247376989104877569,@SocMikeStout Protecting portfolios over people #COVID19. #GOPCorruptionOverCountry,NixaMoMama,Tue Apr 07 04:13:44 +0000 2020,0,0,688,222,en,United States
1247376997061472256,Como se dice coronavirus en Chino?,dany_gomezz,Tue Apr 07 04:13:45 +0000 2020,0,0,476,689,es,Peru
1247377026110992386,How China Built a Twitter Propaganda Machine Then Let It Loose on Coronavirus,dr_kodol,Tue Apr 07 04:13:52 +0000 2020,0,0,282,15,en,Republic of Korea
1247377068477657089,"Coronavirus, cristianismo y superstici√≥n",acentodiario,Tue Apr 07 04:14:02 +0000 2020,0,0,1317,347773,es,Dominican Republic
1247377081379328001,La expansi√≥n del coronavirus ante los retos pol√≠ticos,acentodiario,Tue Apr 07 04:14:06 +0000 2020,0,0,1317,347773,es,Dominican Republic
1247377193451147264,"C√≥mo debe protegerse un m√©dico en otros pa√≠ses VS #COVID19 Y c√≥mo se ""protege"" uno en M√©xico #TikTok",pinkblush04_,Tue Apr 07 04:14:32 +0000 2020,0,0,545,200,es,Mexico
1247377207057473538,Finally a word to summarize it! @ashsr22 #lockdowneffect #life #SocialDistanacing #coronavirus,adityasr22,Tue Apr 07 04:14:35 +0000 2020,0,0,549,45,en,India
1247377367560904704,@DiegodelBosqueV Honestamente no es Problema de izquierda o derecha. Todos los an√°lisis se√±alan una recesi√≥n tan grande como el Covid19.,abritoj,Tue Apr 07 04:15:14 +0000 2020,0,0,269,372,es,M√©xico
1247377444845182976,Just tryna Euro step covid-19,Eastradamus,Tue Apr 07 04:15:32 +0000 2020,0,0,265,297,en,United States
1247377630883610624,Biden's offer to help coronavirus efforts making governors' jobs 'difficult' via @nypost,MalcolmGrey6,Tue Apr 07 04:16:17 +0000 2020,0,0,29,8,en,United States
1247377658708520961,Ministering to our youth during this pandemic. God&gt;Covid19 @ABC7 @CBSNews @KTLA @FoxNews,madregoneloca,Tue Apr 07 04:16:23 +0000 2020,0,0,331,120,en,United States
1247377660587773953,"368,196 cases and 10,986 deaths in US on 4/6 at 11:01 pm #COVID19 #CoronaVirusUpdate",historianspeaks,Tue Apr 07 04:16:24 +0000 2020,0,0,4705,5679,en,United States
1247377768989540353,URGE VACUNARSE CONTRA LA NEUMON√çA ATIPICA! ES MAS PELIGROSO QUE COVID 19,sedonde,Tue Apr 07 04:16:49 +0000 2020,0,0,130,87,es,M√©xico
1247377826728140800,"Los Angeles Opens Coronavirus Testing to Anyone, Not Just People Most at Risk",LAangel_Camilla,Tue Apr 07 04:17:03 +0000 2020,0,0,2457,1584,en,United States
1247377944118349825,"I'll crack on Friday, May 8! #lockdown #covid19 #WhenWillYouCrack",VaughnDeF,Tue Apr 07 04:17:31 +0000 2020,0,0,1538,463,en,United States
1247377990943555584,Hasta que no haya un muerto por covid-19 en P√©njamo la gente no va a dejar de hacer sus reunioncitas y sus pedas.,SaraArroyoA,Tue Apr 07 04:17:42 +0000 2020,0,0,437,440,es,M√©xico
1247378099412533249,#done #readallthebooks #coronavirus The Plot Thickens,PublicEd412,Tue Apr 07 04:18:08 +0000 2020,0,0,500,418,en,United States
1247378174125780994,Atleast something wonderful came out of this horrific pandemic #CoronaVirus. Pink champa,DrJunaidMAlam,Tue Apr 07 04:18:26 +0000 2020,0,0,305,860,en,Pakistan
1247378415172366336,@piersmorgan Your tweet doesn't say 'anything positive' about #BorisJohnso. So. Shut the fuck up. #PiersMorgan #COVID19,opheliasbrother,Tue Apr 07 04:19:24 +0000 2020,0,0,4602,3295,en,United Kingdom
1247378439708930048,I‚Äôm so tired of hearing about COVID 19 yet i watch the news everyday üò©,prettie_ashh,Tue Apr 07 04:19:29 +0000 2020,0,0,534,160,en,United States
1247378557849841664,@chennaicorp How do i report someone on COVID19 symptoms. I only have their name and address,venkatbchilaka,Tue Apr 07 04:19:58 +0000 2020,0,0,52,15,en,India
1247378592142671879,To the 8 states not issuing stay at home orders üñïüèºüñïüèºüñïüèºüñïüèºüñïüèºüñïüèºüñïüèºüñïüèº #coronavirus #StayHome #StayAtHome #Ohiolockdown #ohiocoronavirus,lisamfrancis,Tue Apr 07 04:20:06 +0000 2020,0,0,335,96,en,United States
1247378667988271105,"MSU doctor creates COVID-19 test with quick results, pending FDA approval #COVID19 #ChinaVirus",BillBlett,Tue Apr 07 04:20:24 +0000 2020,0,0,1421,907,en,United States
1247378683020447747,"@realDonaldTrump china made #CoronaVirus has killed near about 11000 US citizens, what action have u taken against China &amp; CCP?",dhirajchoudha20,Tue Apr 07 04:20:27 +0000 2020,0,0,1383,199,en,Pakistan
1247378804231663616,I wish coronavirus never happened hope everyone stays healthy and safe,martinf024,Tue Apr 07 04:20:56 +0000 2020,0,0,487,84,en,United States
1247378862725640193,Tantos proyectos que ten√≠a para este 2020 y el Coronavirus se me caga de risa en la caraüôÑ,JooakoMendez,Tue Apr 07 04:21:10 +0000 2020,0,0,532,1007,es,Argentina
1247378888549957632,"@lwalubengo If only Covid-19 was giving us humble time üòÇ Expect anything, the hints are dropped daily by CS Kagwe",Tsumah_ndolo,Tue Apr 07 04:21:16 +0000 2020,0,0,700,985,en,Kenya
1247378973748682753,I will never wish for another #snowday again. I miss my students. #COVID19,tedrosececi,Tue Apr 07 04:21:37 +0000 2020,0,0,4736,4675,en,United States
1247379152854016000,Regi√≥n de Los R√≠os cuenta con un segundo recinto acreditado para la detecci√≥n del coronavirus,Informa93punto1,Tue Apr 07 04:22:19 +0000 2020,0,0,366,180,es,Alemania
1247379317027291136,Why would they do it? Chinese tourists are stuck at a attraction amid coronavirus pandemic,Jaw_Knock,Tue Apr 07 04:22:59 +0000 2020,0,0,777,11632,en,Nepal
1247379397029564416,From the #COVID19 Boris Johnson will.............................,KowaFredrick,Tue Apr 07 04:23:18 +0000 2020,0,0,2671,1453,en,Kenya
1247379404491083782,Thornton niggas using the coronavirus as an excuse to use a bandana and rep a suburban neighborhood,Pedro_bg3,Tue Apr 07 04:23:19 +0000 2020,0,0,307,677,en,United States
1247379417141334017,NO we‚Äôre really not @realDonaldTrump #COVID19,mmackcollins,Tue Apr 07 04:23:22 +0000 2020,0,0,1381,1005,en,United States
1247379446509776896,"Fallece primer bombero por COVID19, Galvarino del Tr√°nsito Fern√°ndez Ayala (Q.E.P.D)",CD3EHH,Tue Apr 07 04:23:29 +0000 2020,0,0,4163,4548,es,Chile
1247379564906463233,"In ORDER 2 AVOID IncReaSinG NumBers Of COVID-19,+Ve PATIENTS,A COMPLETE STRICT CURFEW Has 2 B There For Atleast 3-4 Days Before 14 APRILüò°üò°",rupeshrbajpai,Tue Apr 07 04:23:58 +0000 2020,0,0,249,66,en,India
1247379628337086464,I was already introverted long before coronavirus was popular‚Äô #DoingTheSame üòù,papeed,Tue Apr 07 04:24:13 +0000 2020,0,0,144,77,en,United States
1247379765406904320,Wow 2 years ago today I was in South Beach with my man. Coronavirus ruined our vacation üò¢,ynaoivw,Tue Apr 07 04:24:45 +0000 2020,0,0,898,2211,en,United States
1247379789905829888,"Aerial images show streets, beaches and landmarks empty during coronavirus pandemic via @USATODAY",mulugetaayene,Tue Apr 07 04:24:51 +0000 2020,0,0,475,909,en,Ethiopia
1247379795891150849,Nuestras vidas eran igual de miserables antes del Covid-19.,OjosAguapanela,Tue Apr 07 04:24:53 +0000 2020,0,0,766,7913,es,Colombia
1247379824206741505,Check out this video from @TrustBrosCBD about #COVID19 awareness. üòé,RoxyRenDoes,Tue Apr 07 04:24:59 +0000 2020,0,0,334,541,en,United States
1247379839969099776,"El COVID-19 me arruin√≥ 182739 planes, pero √°nimo!",MarleeneO,Tue Apr 07 04:25:03 +0000 2020,0,0,90,295,es,M√©xico
1247379840640008199,Covid-19: Prime Minister Boris Johnson in intensive care,DailyESSEX,Tue Apr 07 04:25:03 +0000 2020,0,0,2565,22839,en,United Kingdom
1247379983934390273,I was supposed to be home rn... stupid coronavirus ruined everything.,rod7e,Tue Apr 07 04:25:38 +0000 2020,0,0,201,251,en,United States
1247380008982720512,Coronavirus or not as soon as May hit I‚Äôm out‚úåüèº,jadaaabooo,Tue Apr 07 04:25:43 +0000 2020,0,0,252,481,en,United States
1247380074661163008,Help unemployed ones to stop covid-19,mojohookah,Tue Apr 07 04:25:59 +0000 2020,0,0,43,39,en,United States
1247380208878903297,"My birthday wish for today is everyone‚Äôs safety. Lord, I declare na matapos na ‚Äòtong COVID19 na ito. ‚ù§Ô∏èüôèüèª",KaelBondoc,Tue Apr 07 04:26:31 +0000 2020,0,0,904,2373,en,Republic of the Philippines
1247380218286870529,@sallyeastman1 @JordanSchachtel @davereaboi I don‚Äôt wish Coronavirus on anyone. I might‚Äôve just changed my wishes.,dancedivaamg,Tue Apr 07 04:26:33 +0000 2020,0,0,138,77,en,United States
1247380361891459072,Racism has no place in the global fight against COVID-19.,h_soumare,Tue Apr 07 04:27:08 +0000 2020,0,0,1235,1044,en,United States
1247380466719764481,Just saw a viral Facebook post claiming that Soros owns ‚Äúthe Wuhan lab where COVID-19 was created‚Äù and that‚Äôs enough Internet for tonight,ClaireJChu,Tue Apr 07 04:27:33 +0000 2020,0,0,1900,1254,en,United States
1247380687554064384,Today we are going to have more patients of covid19??? JESUS told me but am scared you won't believe meü§£ü§£ü§£,LutaleY,Tue Apr 07 04:28:25 +0000 2020,0,0,192,19,en,Uganda
1247380717962702850,"COVID-19: UAE's Taaleem announces school fees discounts, special packages #InThisTogether",walfordwright,Tue Apr 07 04:28:33 +0000 2020,0,0,455,11899,en,United Arab Emirates
1247380864000045057,"COVID-19: UAE's Taaleemüçé announces school fees discounts, special packages #InThisTogether",Taaleem,Tue Apr 07 04:29:07 +0000 2020,0,0,191,4217,en,United Arab Emirates
1247380867367849984,See Iceland government's transparency and amazing data sharing on #COVID19,meeadsaberi,Tue Apr 07 04:29:08 +0000 2020,0,0,316,678,en,Australia
1247380868135563264,"Well, she was just COVID-19, if you know what I mean And the way she looked Was way beyond compare",Big2naFish,Tue Apr 07 04:29:08 +0000 2020,0,0,233,93,en,United States
1247380885198049281,"Colombia le est√° ganando al Coronavirus. No tienen pruebas, pero tampoco tienen dudas.",hxrlex,Tue Apr 07 04:29:12 +0000 2020,0,0,214,770,es,Colombia
1247380976709197828,Now to get my crush to date me ü§î. But after these cdc guidelines go away. COVID19 really saved him these months üòÇ.,Sitol_Jane,Tue Apr 07 04:29:34 +0000 2020,0,0,1854,954,en,United States
1247380985974587393,@JoeySalads @BarackObama @JoeySalads How would you simultaneously re-open businesses and prevent further spread of COVID-19?,harperbeverly58,Tue Apr 07 04:29:36 +0000 2020,0,0,243,46,en,United States
1247381488275845120,Another victim of the economic crash from Covid 19. Our beloved ok sklsnd Zoo.,Earthgranny,Tue Apr 07 04:31:36 +0000 2020,0,0,2384,1812,en,United States
1247381657134350336,@ShujaatAliSyed1 COVID 19 and its impact on Thailand's security architecture,ruetacha,Tue Apr 07 04:32:16 +0000 2020,0,0,330,106,en,Thailand
1247381681297817601,"This decade is off to a crazy start. If you think coronavirus is bad, wait a few years until SkyNet sends back a Terminator.",hank_thierry,Tue Apr 07 04:32:22 +0000 2020,0,0,1220,221,en,United States
1247381714395152384,NOTE: this is BEFORE any patients arrived- #NOLA #COVID19,PodcastKevin,Tue Apr 07 04:32:30 +0000 2020,0,0,362,113,en,United States
1247381731054735362,"Coronavirus: President, PM, Ministers, MPs to take 30% salary cut for a year via NaMo App",SurajKu43005567,Tue Apr 07 04:32:34 +0000 2020,0,0,19,0,en,India
1247381753121120256,Gendarmer√≠a confirm√≥ primer caso de coronavirus en c√°rcel de mujeres de San Miguel,Carlossassarini,Tue Apr 07 04:32:39 +0000 2020,0,0,2036,5597,es,Chile
1247381791503237120,Listen UpüëÇüèº.. #COVID19,JenanX59_,Tue Apr 07 04:32:48 +0000 2020,0,0,290,1023,en,United Kingdom
1247382135737999360,Today is World health day and covid-19 safety She is everyone responsibility Social distance is compulsory,Dharmen14883089,Tue Apr 07 04:34:11 +0000 2020,0,0,1,0,en,India
1247382185952153600,Bronx Zoo says tiger did not get human coronavirus test via @nypmetro,MetalOTM,Tue Apr 07 04:34:23 +0000 2020,0,0,1499,1539,en,United States
1247382336620167169,Protecting portfolios over people #COVID19 #GOPCorruptionOverCountry,NixaMoMama,Tue Apr 07 04:34:58 +0000 2020,0,0,688,222,en,United States
1247382345298006022,I want to order Fast food rn (9:30pm) but I'm so worried that Essential workers have #covid19 üòì,acactus27,Tue Apr 07 04:35:01 +0000 2020,0,0,124,104,en,United States
1247382379217465346,@BBCWorld Makes sense. What about Covid-19?,pinetailnyc,Tue Apr 07 04:35:09 +0000 2020,0,0,174,26,en,United States
1247382402978082816,Ivermectin drug kills COVID-19 in laboratory within 48 hours,JavediqbalProf,Tue Apr 07 04:35:14 +0000 2020,0,0,271,280,en,India
1247382684600545280,COVID 19: Grant to states should not be on the bases of confirmed cases @GovWike,miebacka,Tue Apr 07 04:36:21 +0000 2020,0,0,5026,4655,en,Nigeria
1247382693245042689,Coronavirus: China records first day with no deaths since January #Coronavirus,PoliticalPrada,Tue Apr 07 04:36:23 +0000 2020,0,0,4998,2127,en,United States
1247382806096777216,En unos d√≠as van a anunciar que un beb√© naci√≥ con COVID-19,HumbertoMD,Tue Apr 07 04:36:50 +0000 2020,0,0,462,495,es,M√©xico
1247382813336309765,Apoyo para sociedad en QRoo ante la cuarentena por covid19,CancunStyle,Tue Apr 07 04:36:52 +0000 2020,0,0,184,798,es,M√©xico
1247382846458728454,No pos si... ü§îü§îü§î #Culiacan #COVID19 ¬ø @jorgeberry que opinas?,macero25,Tue Apr 07 04:37:00 +0000 2020,0,0,246,1688,es,Mexico
1247382918927912960,üö® CIGARETTE COMPANY IS KILLING THEIR BEST CUSTOMERS üö® üòÇ ü§£ ü§£ #COVID19 #lockdowneffect,ThisZ_Uganda,Tue Apr 07 04:37:17 +0000 2020,0,0,958,606,en,Uganda
1247382989715189760,"Remember, Unite, Renew as we continue to combat the COVID 19 Pandemic within the confines of our Homes.",EdwardNkusi,Tue Apr 07 04:37:34 +0000 2020,0,0,150,25,en,Rwanda
1247382990268792832,Prayers up for everyone negatively affected by the Coronavirus üôèüèΩ,KyleSkye,Tue Apr 07 04:37:34 +0000 2020,0,0,7858,26154,en,United States
1247382994236641280,I seen somebody call COVID-19 the Holocough and I haven‚Äôt stopped laughing since.,Ray5893,Tue Apr 07 04:37:35 +0000 2020,0,0,923,962,en,United States
1247383095172419584,WHO director-general endorses a voluntary intellectual property pool to develop Covid-19 products,Rosario_Strano,Tue Apr 07 04:37:59 +0000 2020,0,0,8188,7428,en,United States
1247383127774973952,Adventures with DNA: Covid time capsule #MaplewoodMom #TimeCapsule #COVID19 via @YouTube,NikkiLee1984,Tue Apr 07 04:38:07 +0000 2020,0,0,790,439,en,United States
1247383179163398145,UK Prime Minister Boris Johnson dies after contracting Coronavirus,tokamaksan,Tue Apr 07 04:38:19 +0000 2020,0,0,378,150,en,Êó•Êú¨
1247383180254097408,@FelipeCalderon #NeumoniaAtipica me preocupa. M√°s que el covid 19 eso s√≠ es un problema en M√©xico.,jbr191075,Tue Apr 07 04:38:20 +0000 2020,0,0,547,64,es,M√©xico
1247383187162042369,Todos juntos vamos a superar esta pandemia de Coronavirus #yaeshora #QuedateEnCasaYa,NelsonRHMD,Tue Apr 07 04:38:21 +0000 2020,0,0,1023,772,es,M√©xico
1247383220384960514,i think johnny blonde hair would kill the coronavirus,byeongyunho,Tue Apr 07 04:38:29 +0000 2020,0,0,397,2573,en,United States
1247383242912804865,"Congrats, Cali! You did it! #COVID19 #californiacoronavirus",mkcarr44,Tue Apr 07 04:38:35 +0000 2020,0,0,340,39,en,United States
1247383313968435200,Vean el episodio de ‚ÄúHablando con Oprah‚Äù sobre el Covid-19 en Apple+ ü•∞ est√° genial.,Chocolatito,Tue Apr 07 04:38:51 +0000 2020,0,0,3406,5141,es,Mexico
1247383391701536771,#TABNews Pa√≠ses Bajos y la @NATO le enviaron a Sint Marteen dos unidades de cuidado intensivo. #COVID19 üè•,tabpr,Tue Apr 07 04:39:10 +0000 2020,0,0,1023,30592,es,United States
1247383393467355136,@reflog video from the rapids the day of the COVID19 Rally,Lauraegates27,Tue Apr 07 04:39:10 +0000 2020,0,0,827,333,en,United States
1247383400673161220,"#ChineseVirus Patient being treated by #Ayurveda in US, recovering.. #coronavirus #COVID19",joglekarsaurabh,Tue Apr 07 04:39:12 +0000 2020,0,0,387,187,en,United States
1247383721868537857,"Hey, don't forget to wash ur hand regularly after holding on to empty promise ya... üò∑üò∑üò∑ #COVID19 #PKP #StayAtHome #StayHomeStaySafe",ZaxZoul,Tue Apr 07 04:40:29 +0000 2020,0,0,1568,235,en,Malaysia
1247383729418338304,I need a video conference call wig #shpk #COVID19,nursekoughan,Tue Apr 07 04:40:31 +0000 2020,0,0,435,147,en,Canada
1247383757537120261,üõëCOVID19: CJN orders all courts in Nigeria to shutdown:,Tony98Tony,Tue Apr 07 04:40:37 +0000 2020,0,0,411,366,en,United States
1247383812943892480,lunch today. #crcheers #quircsingapore #homemademeals #staysafeandhealthy #safedistancing #covid19 @ Evania,QUIRC_Singapore,Tue Apr 07 04:40:50 +0000 2020,0,0,103,18,en,Singapore
1247383841376997376,Hay que cerrar el aeropuerto de San Mart√≠n! üòñ #coronavirus,perlaco,Tue Apr 07 04:40:57 +0000 2020,0,0,764,805,es,M√©xico
1247383862260510721,"decide i'm only going to call it ""the novel coronavirus"" and get extremely pedantic if anyone else does not",Dvoleich,Tue Apr 07 04:41:02 +0000 2020,0,0,350,143,en,United States
1247383879461322752,#COVID19 #mask please wear!! #dm for more info,LeroyBradley13,Tue Apr 07 04:41:06 +0000 2020,0,0,44,0,en,United States
1247383909165195265,@VILLALBAZO13 en salamanca ya hay 19 cases de covid-19,dollana,Tue Apr 07 04:41:13 +0000 2020,0,0,454,179,es,United States
1247383962734952448,Cuando te cuidas por el covid19 y votaste por amlo.,gustavofdelc,Tue Apr 07 04:41:26 +0000 2020,0,0,2446,1869,es,M√©xico
1247384005869215744,RT y le da el #coronavirus a tu ex ! üíÅüèº‚Äç‚ôÇÔ∏è,AlexAgu68884768,Tue Apr 07 04:41:36 +0000 2020,0,0,42,43,es,M√©xico
1247384018125033474,"D√çA 25: Pues ya estamos otra vez en pie, veremos un cap√≠tulo de @lacasadepapel #YoMeQuedoEnCasa¬†#COVID19",tinojurado,Tue Apr 07 04:41:39 +0000 2020,0,0,521,295,es,Espa√±a
1247384064916627456,"Qu√© si fumar Bazuco tambi√©n es peligroso para eso del Coronavirus, es para un amigo.",juanjomck,Tue Apr 07 04:41:51 +0000 2020,0,0,595,582,es,Colombia
1247384097242132485,Amazing. Coronavirus: China records first day with no deaths since January #Coronavirus,ajdarjean,Tue Apr 07 04:41:58 +0000 2020,0,0,1069,560,en,United States
1247384122324115456,"üõëBREAKING: Buhari's govt closes all land borders, suspends FEC meetings due to coronavirus:",Tony98Tony,Tue Apr 07 04:42:04 +0000 2020,0,0,411,366,en,United States
1247384143954169856,Brace Yourself for Waves of #Coronavirus Infections:,ifapel,Tue Apr 07 04:42:09 +0000 2020,0,0,3729,1084,en,Poland
1247384153097560066,"Lo hacen chiste pero ojal√°, de todo coraz√≥n, que a ustedes ni a nadie de su entorno les afecte el #COVID19.",AlejandrovasSV,Tue Apr 07 04:42:12 +0000 2020,0,0,1046,7700,es,El Salvador
1247384197590921216,#COVID19 imported cases to #China - it shows how much we as a global community need to improve in #TestingForCovid19,DrBonillaOnc,Tue Apr 07 04:42:22 +0000 2020,0,0,2119,2142,en,United States
1247384212228829184,Israel to Begin Testing Drug from Japan in Battle Against COVID-19,dsrved759,Tue Apr 07 04:42:26 +0000 2020,0,0,1666,1325,en,United States
1247384262954962945,#India Fight Against Covid 19,Sudhans58732112,Tue Apr 07 04:42:38 +0000 2020,0,0,0,0,en,India
1247384266469761024,Cuando estaba decidida en hacer el curso de personal trainer llego el coronavirus para cagarlaü§¶‚Äç‚ôÄÔ∏è,arluschmunk,Tue Apr 07 04:42:39 +0000 2020,0,0,318,1337,es,Argentina
1247384478965575680,¬øCon qu√© frase empezar√≠as una novela sobre el coronavirus?,PCoria,Tue Apr 07 04:43:29 +0000 2020,0,0,4918,5104,es,M√©xico
1247384773443682305,"Detroit rep says hydroxychloroquine, Trump helped save her life amid COVID-19 fight via @freep",cbrolz,Tue Apr 07 04:44:39 +0000 2020,0,0,1494,514,en,United States
1247384781068947457,"#COVID19 ""Boris Johnson moved to intensive care as coronavirus symptoms worsen""",MrMikeJacksonI1,Tue Apr 07 04:44:41 +0000 2020,0,0,560,242,en,United States
1247384793328705536,"Coronavirus: President, PM, Ministers, MPs to take 30% salary cut for a year via NaMo App",MukeshPathakji,Tue Apr 07 04:44:44 +0000 2020,0,0,445,2789,en,India
1247384868754821120,@WHO Happy Birth Day Bowl Out Pandemic #COVID19 this time,jhallevicharblo,Tue Apr 07 04:45:02 +0000 2020,0,0,3171,1346,en,India
1247384983007711232,India‚Äôs efforts to combat COVID-19 have been lauded globally: PM Modi,PranavPVaria,Tue Apr 07 04:45:29 +0000 2020,0,0,282,840,en,India
1247385021058433025,COVID-19 and the Politics of Fear and Panic,filnj,Tue Apr 07 04:45:38 +0000 2020,0,0,16427,17312,en,United States
1247385071503335424,PM Modi calls Australian counterpart; discusses need to share experience to deal with coronavirus,PranavPVaria,Tue Apr 07 04:45:50 +0000 2020,0,0,282,840,en,India
1247385222431334400,Did y‚Äôall know Britain‚Äôs Prime Minister is in ICU with Coronavirus? üòü,Ray5893,Tue Apr 07 04:46:26 +0000 2020,0,0,923,962,en,United States
1247385252131221504,How to celebrate my birthday üéÅ during this Covid19 era on April 10th üò∑ @ Stay at Home and Keep Positive,IOyesanya,Tue Apr 07 04:46:34 +0000 2020,0,0,925,95,en,Switzerland
1247385298092404736,Vir√≥logo explica por qu√© la COVID-19 es m√°s mortal que otros virus v√≠a @larepublica_pe,Esparappkausas,Tue Apr 07 04:46:45 +0000 2020,0,0,4848,1621,es,Peru
1247385302366400512,"@funder @JoyAnnReid @AliVelshi Places where there apoears 2B NO COVID19 stats - Russia, Israel and t/CONCENTRATION CAMPS on our borders!",DrDiva82,Tue Apr 07 04:46:46 +0000 2020,0,0,3038,1549,en,United States
1247385313678225408,Lights Out: Millions of candles ignite across India as show of solidarity to beat COVID-19 darkness,PranavPVaria,Tue Apr 07 04:46:48 +0000 2020,0,0,282,840,en,India
1247385318426316800,Can plasma from recovered COVID-19 patients treat the sick? | Science News,mukjosez,Tue Apr 07 04:46:49 +0000 2020,0,0,319,31,en,Uganda
1247385457467539456,BBC News - Coronavirus wreaks havoc in African American neighbourhoods,RosePAr47670551,Tue Apr 07 04:47:23 +0000 2020,0,0,1354,542,en,United States
1247385553131180032,Me da mucha risa el meme que pregunta que si la pandemia es de covid-19 o de piojos jajajaja.,nomellamoluismi,Tue Apr 07 04:47:45 +0000 2020,0,0,350,480,es,M√©xico
1247385596152201217,@NormanFPearl @FelipeCalderon Ojal√° el Coronavirus SE UNA A CADA UNO DE ELLOS!,Titia_G,Tue Apr 07 04:47:56 +0000 2020,0,0,3161,1654,es,M√©xico
1247385636367151105,Meg'anon!! Egyptian lawyer demands China pay $10 trillion in coronavirus damages,RosePAr47670551,Tue Apr 07 04:48:05 +0000 2020,0,0,1354,542,en,United States
1247385720626561026,When do you NEED to TEST for #COVID19? Answer: Press ‚ñ∂Ô∏è #STAYSAFEUG,UgandaMediaCent,Tue Apr 07 04:48:25 +0000 2020,0,0,170,241000,en,Uganda
1247385746580832256,I made a gift to help FSU students impacted by COVID-19. #SupportFSU #FinishStrongFSU via @floridastate,WhatTheJeanette,Tue Apr 07 04:48:31 +0000 2020,0,0,569,353,en,United States
1247385817095512064,How Coronavirus Attacks the Body | NYT News via @nytimes #COVID19,AMednurse,Tue Apr 07 04:48:48 +0000 2020,0,0,580,1134,en,United States
1247386014064222208,Fill up my three spot‚ÄºÔ∏è$25-200 #dontplayifyouaingotmoney #StayAtHomeandgetmoney #coronavirus #easymoney #fastmoney #StayAtHome,moyaa_t,Tue Apr 07 04:49:35 +0000 2020,0,0,310,376,en,United States
1247386068686647303,Gracias Virgencita Taylor por ayudarme a vencer el COVID-19 üôèüèª,AnthonyWat,Tue Apr 07 04:49:48 +0000 2020,0,0,867,1933,es,Estados Unidos
1247386158608203776,@Alyssa_Milano I think he‚Äôs in the early stages of #COVID19 if not than he‚Äôs possibly a carrier,ChrisSchachern,Tue Apr 07 04:50:10 +0000 2020,0,0,2878,147,en,United States
1247386199746056198,Live look at me screening for COVID-19 @AveraHealth #HardScreens #MovingScreens #DirtyWork,KyleEntringer7,Tue Apr 07 04:50:19 +0000 2020,0,0,680,673,en,United States
1247386231802974208,Gaga‚Äôs gonna fine the Vaccine! She‚Äôs gonna be The Cure! #COVID19 #OneWorldTogetherAtHome,blurboi,Tue Apr 07 04:50:27 +0000 2020,0,0,38915,44342,en,Australia
1247386237125767171,Global stats show that Africa accounts for a fraction of total #Covid19 cases. #Day11ofLockdown,vanessaperumal,Tue Apr 07 04:50:28 +0000 2020,0,0,2026,5157,en,South Africa
1247386246537756672,@339_850425 Casi me da coronavirus por escuchar eso...,Leeeeesteer,Tue Apr 07 04:50:31 +0000 2020,0,0,1907,1258,es,Honduras
1247386257874980864,@ThisisLauraS That‚Äôs scary. I haven‚Äôt felt well today and therefore I‚Äôve Googled ‚Äúcovid-19 symptoms‚Äù at least a dozen times.,lpdeal,Tue Apr 07 04:50:33 +0000 2020,0,0,1817,1596,en,United States
1247386266842402816,A chat with Mexico‚Äôs coronavirus czar by @richardjensor,japacheco,Tue Apr 07 04:50:35 +0000 2020,0,0,804,805,en,Mexico
1247386320382693376,"Me: when I turn 21, I‚Äôm gonna go to so many bars COVID 19: lol you thought",katieann_18,Tue Apr 07 04:50:48 +0000 2020,0,0,729,259,en,United States
1247386422644035584,"‚ÄúI Defeated Coronavirus With Blackseed Oil, Vitamin C, And Honey @seyiamakinde",miebacka,Tue Apr 07 04:51:13 +0000 2020,0,0,5026,4655,en,Nigeria
1247386455405662208,‚ÄúSymptoms of Coronavirus include sweating and feeling weak‚Äù Eminem:,ben_g_texas,Tue Apr 07 04:51:20 +0000 2020,0,0,735,626,en,United States
1247386472342224897,It's been 14 days and counting for Tony Mahon. #coronavirus #testresults,MakingTownsGuy,Tue Apr 07 04:51:24 +0000 2020,0,0,4050,1618,en,United States
1247386483905921025,Qui√©n???????? #coronavirus #QuedateEnCasa,ElRincondMiguel,Tue Apr 07 04:51:27 +0000 2020,0,0,37,356,es,Espa√±a
1247386498753683456,@herobangchan Awwww let‚Äôs be safe and prioritize our health first üôèüèª Sana matapos na tong covid-19 üò≠,brblcsn,Tue Apr 07 04:51:31 +0000 2020,0,0,307,259,en,Republic of the Philippines
1247386533792894976,Coronavirus: China records first day with no deaths since January #Coronavirus,bourbakii,Tue Apr 07 04:51:39 +0000 2020,0,0,5001,400,en,People's Republic of China
1247386635496329216,This is the 2020 I wanted #COVID2019AU #covid19australia #StayAtHome #StayHomeAustralia,damon_c1980,Tue Apr 07 04:52:03 +0000 2020,0,0,759,253,en,Australia
1247386791038136320,"May the real doctors,medical practitioners and not el matadors stand up! #IStandWithAzziad #COVID19 @KBonimtetezi @DD",RICOHO7,Tue Apr 07 04:52:40 +0000 2020,0,0,365,49,en,Kenya
1247386903780814848,A New COVID-19 Crisis: Domestic Abuse Rises Worldwide via @Yahoo,thl2k1,Tue Apr 07 04:53:07 +0000 2020,0,0,367,215,en,United States
1247387075504152579,A great story on how rural America is dealing with COVID-19.,ClaraBenitezTV,Tue Apr 07 04:53:48 +0000 2020,0,0,1242,1582,en,United States
1247387097809317889,its a little happy news #COVID19,sdgwwgds,Tue Apr 07 04:53:54 +0000 2020,0,0,1611,516,en,United States
1247387138766888961,New YouTube video click the link to watch #TSU23 #DisneyPlus #COVID19NC #coronavirus,DjDretakingover,Tue Apr 07 04:54:03 +0000 2020,0,0,2177,948,en,United States
1247387167413932035,New YouTube video click the link to watch #TSU23 #DisneyPlus #COVID19NC #coronavirus .,DjDretakingover,Tue Apr 07 04:54:10 +0000 2020,0,0,2177,948,en,United States
1247387214629216256,The Coronavirus App,di_areyes,Tue Apr 07 04:54:21 +0000 2020,0,0,389,273,en,M√©xico
1247387357948424192,Saben lo que es vivir en un puerto y no poder ir a la playa ? Pinche coronavirus mamon üò©,rruizdaniela,Tue Apr 07 04:54:56 +0000 2020,0,0,179,177,es,M√©xico
1247387533064863744,Death of the 6th Covid-19 patient(80) in Sri Lanka reported from the Infectious Diseases Hospital today.,raprasadh,Tue Apr 07 04:55:37 +0000 2020,0,0,583,495,en,Sri Lanka
1247387546084085761,@priyashmita Wasn‚Äôt the Brazilian president saying Covid19 was a hoax or something a few days ago?,courier_michael,Tue Apr 07 04:55:40 +0000 2020,0,0,2244,1544,en,United Kingdom
1247387700807659520,Animals can get COVID-19 too?!,welcometonezone,Tue Apr 07 04:56:17 +0000 2020,0,0,657,589,en,United States
1247387754528415748,La concha del coronavirus voy a tener que dar 12 materias libres si ya no existia ahora menos,MathiiMoreira,Tue Apr 07 04:56:30 +0000 2020,0,0,694,1230,es,Uruguay
1247387776196067328,#WorldHealthDay. I express my gratitude to every health worker on the frontlines fighting Coronavirus. üôèüèª,GauravM57221014,Tue Apr 07 04:56:35 +0000 2020,0,0,315,8,en,India
1247387780591882242,Opini√≥n personal. V√≠a #QuedateEnCasa #Covid19,Q_Hernandez_M,Tue Apr 07 04:56:36 +0000 2020,0,0,26,17,es,Peru
1247387827370852353,Esta alergia que no se quita... Primero era tos Ahora alergia Ma√±ana internado por covid 19,FranMc1993,Tue Apr 07 04:56:48 +0000 2020,0,0,110,34,es,Argentina
1247387840230699008,"pasamos del ""abro hilo de como es vivir afuera"" a ""abro hilo de como me detectaron dengue/coronavirus""",fedextasis,Tue Apr 07 04:56:51 +0000 2020,0,0,656,2025,es,Argentina
1247387924137758721,"#coronavirus #viruslife #besafeoutthere #stayhome #stopthespread #imsobored @ San Diego, California",Wilson_REALTOR_,Tue Apr 07 04:57:11 +0000 2020,0,0,478,32,en,United States
1247387964788752385,Covid-19 sounds so last year.,Colin_Cloud,Tue Apr 07 04:57:20 +0000 2020,0,0,249,30023,en,United States
1247388044543565825,Coronavirus and Communities: Activists step up door-to-door work to protect poor communities,JustMissAlia,Tue Apr 07 04:57:39 +0000 2020,0,0,701,389,en,South Africa
1247388212978466817,#COVID19 The president of Ghana Nana Akufo-Addo has pledged to¬†pay water bills¬†for all citizens for the next 3 months. Such a brave step!,JamesBi01748722,Tue Apr 07 04:58:19 +0000 2020,0,0,226,25,en,Uganda
1247388228933619713,the coronavirus is breaking my heart little by little.,sindyyy_y,Tue Apr 07 04:58:23 +0000 2020,0,0,573,177,en,United States
1247388239465455616,ƒ∞s there any relation between spread of COVID 19 and 5 G technology ???,Drbektas,Tue Apr 07 04:58:26 +0000 2020,0,0,209,63,en,T√ºrkiye
1247388339277201408,Here's a helpful post showing how authors are promoting books during COVID-19.,rcutlerSpark,Tue Apr 07 04:58:50 +0000 2020,0,0,2323,1851,en,United States
1247388401034199040,M√°s de medio mill√≥n de voluntarios en Reino Unido para hacer frente al COVID-19,francell526,Tue Apr 07 04:59:04 +0000 2020,0,0,113,30,es,El Salvador
1247388422815264771,another day just making masks!!! #covid19 #socialdistancing #Masks4All,danielleabellla,Tue Apr 07 04:59:10 +0000 2020,0,0,796,895,en,United States
1247388447989325824,Truth about the deep state and Covid-19,bhaktadasa,Tue Apr 07 04:59:16 +0000 2020,0,0,1492,970,en,Thailand
1247388465387278341,"The 6th #COVID19 death in Sri Lanka reported today, an 80 year old male who was receiving treatment at the IDH. #coronavirus #lka #SriLanka",Manushj,Tue Apr 07 04:59:20 +0000 2020,0,0,374,602,en,Sri Lanka
1247388505476599808,Well come make coronavirus go away then miracle water üôÑ,JaszyAsIwanaB,Tue Apr 07 04:59:29 +0000 2020,0,0,108,116,en,United States
1247388551035015170,"me: a leprechaun üçÄ, the coronavirus ü¶†, your new step mom ü§∑üèºü§ë etc",hunt_allan1,Tue Apr 07 04:59:40 +0000 2020,0,0,67,91,en,United States
1247388564297379845,@Dr_Uditraj COVID-19,umeshppatel,Tue Apr 07 04:59:43 +0000 2020,0,0,876,84,en,India
1247388770615406593,Subscribe to get updates from 'COVID-19 Tracker' Group in Microsoft Kaizala. Join today -,amisij,Tue Apr 07 05:00:32 +0000 2020,0,0,219,2697,en,Kenya
1247388774125817857,China outraged after Brazil minister suggests Covid-19 is part of 'plan for world domination',sophiatseliem,Tue Apr 07 05:00:33 +0000 2020,0,0,244,167,en,United States
1247388883437805569,live footage of kristin chenoweth solving coronavirus,tristanpjevac,Tue Apr 07 05:00:59 +0000 2020,0,0,274,179,en,United States
1247388905575514112,"Stress #Coronavirus #covid19 #losangeles @ Los Angeles, California",roffmanmagician,Tue Apr 07 05:01:05 +0000 2020,0,0,164,756,en,United States
1247388921006350337,"So, my grandpa has covid-19....",therealoodorii,Tue Apr 07 05:01:08 +0000 2020,0,0,946,922,en,United States
1247388941688418304,Corona is real guys!! Now it‚Äôs spreading further and further here in Tanzania!! #COVID19 #coronaInMwanza,I_am_Ma_Ngu,Tue Apr 07 05:01:13 +0000 2020,0,0,322,212,en,Tanzania
1247389155098857473,Panorama mundial de COVID-19 al Martes 07/04/2020 00:01 horas:,AmbrizMau,Tue Apr 07 05:02:04 +0000 2020,0,0,276,21327,es,M√©xico
1247389166175842305,"#Thailand 38 more local Covid-19 cases raise total to 2,258, with 824 people recovered. Deaths rose by 1 to 27. #COVID19 #COVID19th",genobkk,Tue Apr 07 05:02:07 +0000 2020,0,0,878,917,en,Thailand
1247389223855874050,#google says -#thankyou #HealthcareHeroes #COVID19 @Google thankyou !!,Sharpknife_Aziz,Tue Apr 07 05:02:20 +0000 2020,0,0,1863,674,en,United States
1247389232525606915,@ddale8 Duh novel coronavirus wasn‚Äôt around when Obama was in office,havanajo1169,Tue Apr 07 05:02:23 +0000 2020,0,0,680,347,en,United States
1247389316604735490,Chicago mayor: ‚ÄòBreathtaking‚Äô that African Americans are dying of COVID-19 at higher rates via @msnbc,HyppoliteOkou,Tue Apr 07 05:02:43 +0000 2020,0,0,19,19,en,Suisse
1247389356651941898,Dark days #Coronavirus #covid19 #losangeles #luluscafe #homeless @ Lulu's Cafe,roffmanmagician,Tue Apr 07 05:02:52 +0000 2020,0,0,164,756,en,United States
1247389612290576386,#coronavirus no te tenemos miedo üí™üí™üí™ #guardia #radiologia,nerina_coronel,Tue Apr 07 05:03:53 +0000 2020,0,0,228,15,es,Argentina
1247389621509591040,#economic effects of COVID-19 Research on ARXüëáüëá,KakemboJoelIsa1,Tue Apr 07 05:03:55 +0000 2020,0,0,756,71,en,Uganda
1247389702333673473,Just cleaned my kitchen at 930pm because what else was I supposed to do?? Lol #30MoreDays #coronavirus #itsthelittlethings,CristinaDiCarlo,Tue Apr 07 05:04:15 +0000 2020,0,0,156,61,en,United States
1247389706507161602,Y se merecen el CoronavirusüôÇ,pamelacardona__,Tue Apr 07 05:04:16 +0000 2020,0,0,309,544,es,Honduras
1247389713691889664,Stay Home stay Safe #coronavirus #WorldHealthDay,salunke_hemant,Tue Apr 07 05:04:17 +0000 2020,0,0,1620,248,en,India
1247389730574159872,Currently looking for Netflix recommendations fitting for going through a breakup during the coronavirus,hello_jackieo,Tue Apr 07 05:04:21 +0000 2020,0,0,532,490,en,United States
1247389822798499840,Aprendamos seguridad . A combatir en covid19 @PatricioCamino,Ivan_Orozco_007,Tue Apr 07 05:04:43 +0000 2020,0,0,367,213,es,Ecuador
1247389834814959616,India‚Äôs efforts to combat COVID-19 have been lauded globally: PM Modi via NaMo App,vijuinnaite,Tue Apr 07 05:04:46 +0000 2020,0,0,2697,497,en,India
1247389920915673089,When 911 happened they couldn‚Äôt wait to make money from the war. Now #coronavirus and they‚Äôre lining their pockets while our citizens die.,thesolster,Tue Apr 07 05:05:07 +0000 2020,0,0,1061,2335,en,United States
1247389924111699968,Kinda nice unfreidning all the gang riding the '5G causes #CoronaVirus' bus! üòÇ Bunch of #COVIDIOTS,TheDemotedOne,Tue Apr 07 05:05:07 +0000 2020,0,0,1243,1267,en,Fiji
1247390103242186758,Cero muertes en China por primera vez desde enero por el Covid19. #ESPERANZA,gerardtribune,Tue Apr 07 05:05:50 +0000 2020,0,0,1284,3172,es,Espa√±a
1247390208426938368,-Yo: El 2019 fue el peor a√±o de mi vida y cre√≠ que en este iba a encontrar paz. -Coronavirus:,aireyvertigo,Tue Apr 07 05:06:15 +0000 2020,0,0,132,174,es,Colombia
1247390242811678720,HOW CORONAVIRUS SPREADS: The Reason That The COVID-19 Virus Spread Has Been So Quick &amp; So Deadly @LondonRealTV,YujiMarutani,Tue Apr 07 05:06:23 +0000 2020,0,0,1276,655,en,Êó•Êú¨
1247390363448459264,@JuancaBarragan @Pulga9329 El cali la √∫nica forma que va a ver el estadio lleno es ofrecerlo pa‚Äô enfermos de coronavirus,JuanPz03,Tue Apr 07 05:06:52 +0000 2020,0,0,161,269,es,Colombia
1247390389452951552,"Stigmatising and shunning HCW‚Äôs, risking their lives everyday is shameful beyond words.#Covid19India",anaswajid,Tue Apr 07 05:06:58 +0000 2020,0,0,202,464,en,India
1247390469522251776,There are so many changing laws for Covid-19 how do I know if I am following the ones in my area? @GavinNewsom @CityofCostaMesa,megmarie5,Tue Apr 07 05:07:17 +0000 2020,0,0,200,218,en,United States
1247390532298563584,coronavirus d√≥nde puta te encuentro para cagarte bien a pi√±as,albijoa,Tue Apr 07 05:07:32 +0000 2020,0,0,303,414,es,Argentina
1247390581191393280,List of approved #Covid19 testing labs in Chennai.,dhanasri05,Tue Apr 07 05:07:44 +0000 2020,0,0,1236,797,en,India
1247390608811012097,This just makes me sad... Honestly sad... #COVID19,ret_cw3,Tue Apr 07 05:07:51 +0000 2020,0,0,4925,3575,en,Germany
1247390678830718976,@NationOnlineMw In the long run however our health sector finally gets the boost it finally deserves. Covid-19 the equalizer for sure!!,MsWeiJackson,Tue Apr 07 05:08:07 +0000 2020,0,0,832,819,en,Malawi
1247390687785562112,"#Fiji is about to be hit by Category 5 #Cyclone #Harold. Please #pray for Fiji. #covid19 @ Lautoka, Fiji",sarahsilikula,Tue Apr 07 05:08:10 +0000 2020,0,0,245,58,en,Fiji
1247390762762940418,I weep for the entire world tonight üò¢ My defenses are broken &amp; sadness is overwhelming üò¢ #COVID19,geekbabe,Tue Apr 07 05:08:27 +0000 2020,0,0,7859,19420,en,United States
1247390766583947264,"UNLV gets 250 more COVID-19 test kits, extends curbside checks via @reviewjournal",HyppoliteOkou,Tue Apr 07 05:08:28 +0000 2020,0,0,19,19,en,Suisse
1247390817171443716,COVID19 made me promise to NEVER take anything for granted again...,_OoohLalaaa,Tue Apr 07 05:08:40 +0000 2020,0,0,750,869,en,United States
1247390901120323585,"Coronavirus: President, PM, Ministers, MPs to take 30% salary cut for a year via NaMo App",bjpmgmdassan,Tue Apr 07 05:09:00 +0000 2020,0,0,534,83,en,India
1247390938407690246,@ZSiddiki The best way to deal with COVID19,yadav1prashant1,Tue Apr 07 05:09:09 +0000 2020,0,0,4986,1071,en,India
1247390994766671874,#COVID19 covid please go away,meredith19873,Tue Apr 07 05:09:23 +0000 2020,0,0,2202,410,en,United States
1247391043852685314,Use correct information @tv9gujarati till anand has no COVID-19 case .,ImMbpatel,Tue Apr 07 05:09:34 +0000 2020,0,0,111,52,en,India
1247391093294940162,India‚Äôs efforts to combat COVID-19 have been lauded globally: PM Modi via NaMo App,bjpmgmdassan,Tue Apr 07 05:09:46 +0000 2020,0,0,534,83,en,India
1247391123867234304,Crean un dron capaz de detectar a personas contagiadas de #COVID19. @ElNuevoDia,aarranzcad,Tue Apr 07 05:09:53 +0000 2020,0,0,5173,4711,es,Espa√±a
1247391177860669441,"Se acaba de confirmar que la persona que me gusta tiene coronavirus, no se le acerquen por favor.üôÑ",AdilenePerez_,Tue Apr 07 05:10:06 +0000 2020,0,0,214,25,es,M√©xico
1247391304818085893,Why doesn‚Äôt that tiger with coronavirus just use its own magical gallbladder to heal itself?,MZA_NYC,Tue Apr 07 05:10:37 +0000 2020,0,0,279,130,en,United States
